{
  "hash": "00a177d3",
  "configHash": "63493996",
  "lockfileHash": "b8043a93",
  "browserHash": "e17c723e",
  "optimized": {
    "@angular/common": {
      "src": "../../../../../../node_modules/@angular/common/fesm2022/common.mjs",
      "file": "@angular_common.js",
      "fileHash": "bdb4abd4",
      "needsInterop": false
    },
    "@angular/common/http": {
      "src": "../../../../../../node_modules/@angular/common/fesm2022/http.mjs",
      "file": "@angular_common_http.js",
      "fileHash": "a9dfda7d",
      "needsInterop": false
    },
    "@angular/core": {
      "src": "../../../../../../node_modules/@angular/core/fesm2022/core.mjs",
      "file": "@angular_core.js",
      "fileHash": "3af94d20",
      "needsInterop": false
    },
    "@angular/forms": {
      "src": "../../../../../../node_modules/@angular/forms/fesm2022/forms.mjs",
      "file": "@angular_forms.js",
      "fileHash": "bfde3aed",
      "needsInterop": false
    },
    "@angular/platform-browser": {
      "src": "../../../../../../node_modules/@angular/platform-browser/fesm2022/platform-browser.mjs",
      "file": "@angular_platform-browser.js",
      "fileHash": "889841c3",
      "needsInterop": false
    },
    "@angular/router": {
      "src": "../../../../../../node_modules/@angular/router/fesm2022/router.mjs",
      "file": "@angular_router.js",
      "fileHash": "72c9b7ac",
      "needsInterop": false
    },
    "@stomp/stompjs": {
      "src": "../../../../../../node_modules/@stomp/stompjs/esm6/index.js",
      "file": "@stomp_stompjs.js",
      "fileHash": "16fa1dda",
      "needsInterop": false
    },
    "chart.js": {
      "src": "../../../../../../node_modules/chart.js/dist/chart.js",
      "file": "chart__js.js",
      "fileHash": "755c6d3b",
      "needsInterop": false
    },
    "rxjs": {
      "src": "../../../../../../node_modules/rxjs/dist/esm5/index.js",
      "file": "rxjs.js",
      "fileHash": "6dbbf61d",
      "needsInterop": false
    },
    "rxjs/operators": {
      "src": "../../../../../../node_modules/rxjs/dist/esm5/operators/index.js",
      "file": "rxjs_operators.js",
      "fileHash": "a9a192a3",
      "needsInterop": false
    },
    "sockjs-client": {
      "src": "../../../../../../node_modules/sockjs-client/lib/entry.js",
      "file": "sockjs-client.js",
      "fileHash": "24f1292e",
      "needsInterop": true
    }
  },
  "chunks": {
    "chunk-LQGOHO4O": {
      "file": "chunk-LQGOHO4O.js"
    },
    "chunk-7DVGP3NI": {
      "file": "chunk-7DVGP3NI.js"
    },
    "chunk-DLBYGEBP": {
      "file": "chunk-DLBYGEBP.js"
    },
    "chunk-326IKWIO": {
      "file": "chunk-326IKWIO.js"
    },
    "chunk-WPM5VTLQ": {
      "file": "chunk-WPM5VTLQ.js"
    },
    "chunk-PEBH6BBU": {
      "file": "chunk-PEBH6BBU.js"
    },
    "chunk-4S3KYZTJ": {
      "file": "chunk-4S3KYZTJ.js"
    },
    "chunk-3OV72XIM": {
      "file": "chunk-3OV72XIM.js"
    }
  }
}